{
  "hcc_count": 0.47756001353263855,
  "has_ckd": 0.0802890881896019,
  "chf_afib": 0.039455536752939224,
  "hcc_11": 0.03096483089029789,
  "hcc_raf": 0.02539888769388199,
  "hcc_138": 0.0223084669560194,
  "hcc_79": 0.02183687500655651,
  "hcc_136": 0.021280594170093536,
  "hcc_18": 0.01979103498160839,
  "hcc_108": 0.017657458782196045,
  "hcc_17": 0.017355462536215782,
  "has_chf": 0.016355028375983238,
  "hcc_58": 0.016263481229543686,
  "hcc_137": 0.016124177724123,
  "hcc_19": 0.014250820502638817,
  "hcc_12": 0.01373659074306488,
  "hcc_111": 0.013506198301911354,
  "hcc_85": 0.012774895876646042,
  "has_cancer": 0.012768975459039211,
  "raf_score": 0.012079057283699512
}