{
  "hcc_count": 0.2905254364013672,
  "hcc_11": 0.04055112972855568,
  "chf_afib": 0.03694990277290344,
  "hcc_111": 0.03496427461504936,
  "hcc_17": 0.034855518490076065,
  "hcc_138": 0.03263261914253235,
  "has_ckd": 0.030100245028734207,
  "hcc_79": 0.027841858565807343,
  "hcc_18": 0.026460079476237297,
  "ckd_diabetes": 0.024372613057494164,
  "hcc_40": 0.023272113874554634,
  "has_copd": 0.023247312754392624,
  "hcc_19": 0.022651318460702896,
  "hcc_137": 0.02254859171807766,
  "hcc_raf": 0.021053534001111984,
  "hcc_134": 0.019057421013712883,
  "raf_score": 0.018691187724471092,
  "hcc_108": 0.01855672523379326,
  "has_diabetes": 0.018347546458244324,
  "has_cancer": 0.018305176869034767
}